Year,Name,Link,Metrics,Venue,Human evaluation framework,Axes,sample #,annotator #,Significance test,Annotator agreement
2024,Masking Latent Gender Knowledge for Debiasing Image Captioning,Masking Latent Gender Knowledge for Debiasing Image Captioning - ACL Anthology,"BLEU, METEOR, ROUGE, CIDEr, SPICE, BiasAmp",NAACL 2024,,,,,,
2024,PAELLA: Parameter-Efficient Lightweight Language-Agnostic Captioning Model,PAELLA: Parameter-Efficient Lightweight Language-Agnostic Captioning Model,CIDEr,NAACL 2024,,,,,,
2024,Content-Specific Humorous Image Captioning Using Incongruity Resolution Chain-of-Thought,Content-Specific Humorous Image Captioning Using Incongruity Resolution Chain-of-Thought,"Self-CIDEr, Div-n, mBLEU",NAACL 2024,comparative,humorous,,10,no,no
2024,Visually-Aware Context Modeling for News Image Captioning,Visually-Aware Context Modeling for News Image Captioning - ACL Anthology,"BLEU, METEOR, ROUGE, CIDEr, Named entities PR",NAACL 2024,,,,,,
2024,The Role of Data Curation in Image Captioning,The Role of Data Curation in Image Captioning - ACL Anthology,"BLEU, METEOR, CIDEr, CLIPScore",EACL 2024,,,,,,
2024,Visual Fact Checker: Enabling High-Fidelity Detailed Caption Generation,[2404.19752] Visual Fact Checker: Enabling High-Fidelity Detailed Caption Generation,"CLIPScore, CLIPImageScore, GPT4V evaluation",CVPR 2024,comparative,"correctness, detailness, fluency",100,3,no,no
2024,Segment and Caption Anything,[2312.00869] Segment and Caption Anything,"BLEU, METEOR, ROUGE, CIDEr, SPICE, Noun overlap, Verb overlap, fuzzy Noun overlap, fuzzy Verb overlap",CVPR 2024,,,,,,
2024,MeaCap: Memory-Augmented Zero-shot Image Captioning,[2403.03715] MeaCap: Memory-Augmented Zero-shot Image Captioning,"BLEU, METEOR, CIDEr, SPICE, CLIPScore, BLIP2Score",CVPR 2024,,,,,,
2024,EVCap: Retrieval-Augmented Image Captioning with External Visual-Name Memory for Open-World Comprehension,[2311.15879] EVCap: Retrieval-Augmented Image Captioning with External Visual-Name Memory for Open-World Comprehension,"BLEU, METEOR, CIDEr, SPICE",CVPR 2024,,,,,,
2024,SyCoCa: Symmetrizing Contrastive Captioners with Attentive Masking for Multimodal Alignment,[2401.02137] SyCoCa: Symmetrizing Contrastive Captioners with Attentive Masking for Multimodal Alignment,"BLEU, METEOR, CIDEr, SPICE",ICML 2024,,,,,,
2024,VIXEN: Visual Text Comparison Network for Image Difference Captioning,VIXEN: Visual Text Comparison Network for Image Difference Captioning | Proceedings of the AAAI Conference on Artificial Intelligence,"BLEU, METEOR, ROUGE, CIDEr, MPNetScore",AAAI 2024,comparative,which is beter,,,no,no
2024,Improving Cross-Modal Alignment with Synthetic Pairs for Text-Only Image Captioning,Improving Cross-Modal Alignment with Synthetic Pairs for Text-Only Image Captioning,"BLEU, METEOR, ROUGE, CIDEr, SPICE",AAAI 2024,,,,,,
2024,Image Captioning with Multi-Context Synthetic Data,Image Captioning with Multi-Context Synthetic Data | Proceedings of the AAAI Conference on Artificial Intelligence,"BLEU, METEOR, ROUGE, CIDEr",AAAI 2024,,,,,,
2024,Relational Distant Supervision for Image Captioning without Image-Text Pairs,Relational Distant Supervision for Image Captioning without Image-Text Pairs | Proceedings of the AAAI Conference on Artificial Intelligence,"BLEU, METEOR, ROUGE, CIDEr",AAAI 2024,,,,,,
2024,Mining Fine-Grained Image-Text Alignment for Zero-Shot Captioning via Text-Only Training,Mining Fine-Grained Image-Text Alignment for Zero-Shot Captioning via Text-Only Training,"BLEU, METEOR, ROUGE, CIDEr, SPICE",AAAI 2024,,,,,,
2024,Cycle-Consistency Learning for Captioning and Grounding,Cycle-Consistency Learning for Captioning and Grounding | Proceedings of the AAAI Conference on Artificial Intelligence,"BLEU, METEOR, CIDEr, SPICE",AAAI 2024,,,,,,
2024,Noise-Aware Image Captioning with Progressively Exploring Mismatched Words,Noise-Aware Image Captioning with Progressively Exploring Mismatched Words,"BLEU, METEOR, ROUGE, CIDEr, SPICE",AAAI 2024,,,,,,
2023,Improving Image Captioning via Predicting Structured Concepts,[2311.08223] Improving Image Captioning via Predicting Structured Concepts,"BLEU, METEOR, ROUGE, CIDEr, SPICE",EMNLP 2023,,,,,,
2023,Gender Biases in Automatic Evaluation Metrics for Image Captioning,Gender Biases in Automatic Evaluation Metrics for Image Captioning - ACL Anthology,"BLEU, METEOR, ROUGE, CIDEr, SPICE, CLIPScore",EMNLP 2023,,,,,,
2023,MemeCap: A Dataset for Captioning and Interpreting Memes,[2305.13703] MemeCap: A Dataset for Captioning and Interpreting Memes,"BLEU, ROUGE, BERTScore",EMNLP 2023,,,,,,
2023,IC3: Image Captioning by Committee Consensus,[2302.01328] IC3: Image Captioning by Committee Consensus,"retrieval, Noun overlap, Verb overlap, fuzzy Noun overlap, fuzzy Verb overlap",EMNLP 2023,"comparative, scale rating","helpful for someone who can't see the image, correctness",,,yes,no
2023,Query-based Image Captioning from Multi-context 360cdegree Images,Query-based Image Captioning from Multi-context 360cdegree Images - ACL Anthology,"BLEU, METEOR, ROUGE, CIDEr, SPICE, CLIPScore, RefCLIPScore",EMNLP 2023,scale rating,relevent for image,150,,no,no
2023,Re-ViLM: Retrieval-Augmented Visual Language Model for Zero and Few-Shot Image Captioning,Re-ViLM: Retrieval-Augmented Visual Language Model for Zero and Few-Shot Image Captioning - ACL Anthology,"BLEU, CIDEr, SPICE",EMNLP 2023,,,,,,
2023,Violet: A Vision-Language Model for Arabic Image Captioning with Gemini Decoder,Violet: A Vision-Language Model for Arabic Image Captioning with Gemini Decoder - ACL Anthology,"BLEU, ROUGE, CIDEr",EMNLP 2023,,,,,,
2023,Cross2StrA: Unpaired Cross-lingual Image Captioning with Cross-lingual Cross-modal Structure-pivoted Alignment,Cross2StrA: Unpaired Cross-lingual Image Captioning with Cross-lingual Cross-modal Structure-pivoted Alignment - ACL Anthology,"BLEU, METEOR, ROUGE, CIDEr",ACL 2023,scale rating,"relevancy, diversification, fluency",,,yes,no
2023,MultiCapCLIP: Auto-Encoding Prompts for Zero-Shot Multilingual Visual Captioning,MultiCapCLIP: Auto-Encoding Prompts for Zero-Shot Multilingual Visual Captioning - ACL Anthology,"BLEU, METEOR, ROUGE, CIDEr, SPICE",ACL 2023,,,,,,
2023,Transforming Visual Scene Graphs to Image Captions,Transforming Visual Scene Graphs to Image Captions - ACL Anthology,"BLEU, METEOR, ROUGE, CIDEr, SPICE",ACL 2023,,,,,,
2023,“Let’s not Quote out of Context”: Unified Vision-Language Pretraining for Context Assisted Image Captioning,“Let’s not Quote out of Context”: Unified Vision-Language Pretraining for Context Assisted Image Captioning - ACL Anthology,"BLEU, METEOR, ROUGE, CIDEr, Named entities PR",ACL 2023,,,,,,
2023,LMCap: Few-shot Multilingual Image Captioning by Retrieval Augmented Language Model Prompting,LMCap: Few-shot Multilingual Image Captioning by Retrieval Augmented Language Model Prompting - ACL Anthology,CIDEr,ACL 2023,,,,,,
2023,Pragmatic Inference with a CLIP Listener for Contrastive Captioning,Pragmatic Inference with a CLIP Listener for Contrastive Captioning,perplexity,ACL 2023,"scale rating, retrieval",fluency,100,,no,no
2023,Exploring the Impact of Vision Features in News Image Captioning,Exploring the Impact of Vision Features in News Image Captioning - ACL Anthology,"BLEU, ROUGE, CIDEr, Named entities PR",ACL 2023,,,,,,
2023,CLIP-based image captioning via unsupervised cycle-consistency in the latent space,CLIP-based image captioning via unsupervised cycle-consistency in the latent space - ACL Anthology,"BLEU, METEOR, ROUGE, CIDEr",ACL 2023,,,,,,
2023,Towards Adaptable and Interactive Image Captioning with Data Augmentation and Episodic Memory,Towards Adaptable and Interactive Image Captioning with Data Augmentation and Episodic Memory - ACL Anthology,CIDEr,ACL 2023,,,,,,
2023,Generating Visual Spatial Description via Holistic 3D Scene Understanding,Generating Visual Spatial Description via Holistic 3D Scene Understanding - ACL Anthology,"BLEU, METEOR, ROUGE, CIDEr, SPICE",ACL 2023,scale rating,"spatial accuracy, spatial diversity, fluency",100,10,no,no
2023,Retrieval-augmented Image Captioning,Retrieval-augmented Image Captioning - ACL Anthology,"BLEU, METEOR, CIDEr, SPICE",EACL 2023,,,,,,
2023,Style-Aware Contrastive Learning for Multi-Style Image Captioning,Style-Aware Contrastive Learning for Multi-Style Image Captioning - ACL Anthology,"BLEU, METEOR, ROUGE, CIDEr, SPICE, perplexity",EACL 2023,comparative,"engagingness, relevant for image, style relevance",150,7,no,no
2023,Betrayed by Captions: Joint Caption Grounding and Generation for Open vocabulary Instance Segmentation,Betrayed by Captions: Joint Caption Grounding and Generation for Open vocabulary Instance Segmentation,"BLEU, ROUGE, CIDEr",ICCV 2023,,,,,,
2023,OxfordTVG-HIC: Can Machine Make Humorous Captions from Images?,OxfordTVG-HIC: Can Machine Make Humorous Captions from Images?,"perplexity, CLIP diversity",ICCV 2023,,,,,,
2023,Guiding Image Captioning Models Toward More Specific Captions,Guiding Image Captioning Models Toward More Specific Captions,"BLEU, METEOR, ROUGE, CIDEr, CLIPScore, RefCLIPScore, retrieval",ICCV 2023,comparative,"better, more descriptive",,,yes,no
2023,PromptCap: Prompt-Guided Image Captioning for VQA with GPT-3,PromptCap: Prompt-Guided Image Captioning for VQA with GPT-3,"BLEU, METEOR, CIDEr, SPICE",ICCV 2023,,,,,,
2023,Self-supervised Cross-view Representation Reconstruction for Change Captioning,Self-supervised Cross-view Representation Reconstruction for Change Captioning,"BLEU, METEOR, ROUGE, CIDEr, SPICE",ICCV 2023,,,,,,
2023,Transferable Decoding with Visual Entities for Zero-Shot Image Captioning,Transferable Decoding with Visual Entities for Zero-Shot Image Captioning,"BLEU, METEOR, CIDEr, SPICE",ICCV 2023,,,,,,
2023,RCA-NOC: Relative Contrastive Alignment for Novel Object Captioning,RCA-NOC: Relative Contrastive Alignment for Novel Object Captioning,"BLEU, METEOR, CIDEr, SPICE",ICCV 2023,,,,,,
2023,Noise-Aware Learning from Web-Crawled Image-Text Data for Image Captioning,Noise-Aware Learning from Web-Crawled Image-Text Data for Image Captioning,"BLEU, METEOR, CIDEr, SPICE, CLIPScore, retrieval, exact match",ICCV 2023,,,,,,
2023,With a Little Help from Your Own Past: Prototypical Memory Networks for Image Captioning,With a Little Help from Your Own Past: Prototypical Memory Networks for Image Captioning,"BLEU, METEOR, ROUGE, CIDEr, SPICE, CLIPScore, RefCLIPScore, BERTScore, PACScore, RefPACScore, CHAIR",ICCV 2023,,,,,,
2023,Explore and Tell: Embodied Visual Captioning in 3D Environments,Explore and Tell: Embodied Visual Captioning in 3D Environments,"BLEU, METEOR, ROUGE, CIDEr, SPICE",ICCV 2023,,,,,,
2023,UniT3D: A Unified Transformer for 3D Dense Captioning and Visual Grounding,UniT3D: A Unified Transformer for 3D Dense Captioning and Visual Grounding,"BLEU, METEOR, ROUGE, CIDEr",ICCV 2023,,,,,,
2023,Cross-Domain Image Captioning With Discriminative Finetuning,Cross-Domain Image Captioning With Discriminative Finetuning,"BLEU, METEOR, CIDEr, SPICE",CVPR 2023,,,,,,
2023,A-Cap: Anticipation Captioning With Commonsense Knowledge,A-Cap: Anticipation Captioning With Commonsense Knowledge,"BLEU, CIDEr, SPICE, CLIPScore, RefCLIPScore, retrieval",CVPR 2023,,,,,,
2023,Semantic-Conditional Diffusion Networks for Image Captioning,Semantic-Conditional Diffusion Networks for Image Captioning,"BLEU, METEOR, ROUGE, CIDEr, SPICE",CVPR 2023,,,,,,
2023,ConZIC: Controllable Zero-Shot Image Captioning by Sampling-Based Polishing,ConZIC: Controllable Zero-Shot Image Captioning by Sampling-Based Polishing,"BLEU, METEOR, CIDEr, SPICE, CLIPScore, RefCLIPScore, vocab, Self-CIDEr, Div-n",CVPR 2023,,,,,,
2023,HAAV: Hierarchical Aggregation of Augmented Views for Image Captioning,HAAV: Hierarchical Aggregation of Augmented Views for Image Captioning,"BLEU, METEOR, CIDEr, SPICE",CVPR 2023,,,,,,
2023,End-to-End 3D Dense Captioning With Vote2Cap-DETR,End-to-End 3D Dense Captioning With Vote2Cap-DETR,"BLEU, METEOR, ROUGE, CIDEr",CVPR 2023,,,,,,
2023,SmallCap: Lightweight Image Captioning Prompted With Retrieval Augmentation,SmallCap: Lightweight Image Captioning Prompted With Retrieval Augmentation,"BLEU, METEOR, CIDEr, SPICE",CVPR 2023,,,,,,
2023,Model-Agnostic Gender Debiased Image Captioning,Model-Agnostic Gender Debiased Image Captioning,"BLEU, METEOR, CIDEr, SPICE, CLIPScore, Gender error, LIC, BiasAmp",CVPR 2023,,,,,,
2023,Crossing the Gap: Domain Generalization for Image Captioning,Crossing the Gap: Domain Generalization for Image Captioning,"BLEU, METEOR, ROUGE, CIDEr, SPICE",CVPR 2023,,,,,,
2023,Exploring Diverse In-Context Configurations for Image Captioning,Exploring Diverse In-Context Configurations for Image Captioning,CIDEr,Neurips 2023,,,,,,
2023,Learning Descriptive Image Captioning via Semipermeable Maximum Likelihood Estimation,Learning Descriptive Image Captioning via Semipermeable Maximum Likelihood Estimation,"CLIPScore, retrieval, vocab, perplexity",Neurips 2023,scale rating,"descriptiveness, accuracy, fluency",100,,no,no
2023,Scalable 3D Captioning with Pretrained Models,Scalable 3D Captioning with Pretrained Models,"CLIPScore, retrieval",Neurips 2023,comparative,better,,,no,no
2023,Evidential Interactive Learning for Medical Image Captioning,Evidential Interactive Learning for Medical Image Captioning,"BLEU, METEOR, ROUGE",ICML 2023,,,,,,
2023,DeCap: Decoding CLIP Latents for Zero-Shot Captioning via Text-Only Training,[2303.03032] DeCap: Decoding CLIP Latents for Zero-Shot Captioning via Text-Only Training,"BLEU, METEOR, CIDEr, SPICE",ICLR 2023,,,,,,
2023,Uncertainty-Aware Image Captioning,Uncertainty-Aware Image Captioning | Proceedings of the AAAI Conference on Artificial Intelligence,"BLEU, METEOR, ROUGE, CIDEr, SPICE",AAAI 2023,comparative,,200,15,no,no
2023,Aesthetically Relevant Image Captioning,Aesthetically Relevant Image Captioning | Proceedings of the AAAI Conference on Artificial Intelligence,"METEOR, ROUGE, CIDEr, SPICE",AAAI 2023,,,,,,
2023,"Show, Interpret and Tell: Entity-Aware Contextualised Image Captioning in Wikipedia","Show, Interpret and Tell: Entity-Aware Contextualised Image Captioning in Wikipedia","BLEU, SPICE, Named entities PR",AAAI 2023,,,,,,
2023,Efficient Image Captioning for Edge Devices,Efficient Image Captioning for Edge Devices,"BLEU, METEOR, CIDEr, SPICE",AAAI 2023,,,,,,
2023,Controllable image captioning via prompting,Controllable Image Captioning via Prompting | Proceedings of the AAAI Conference on Artificial Intelligence,"BLEU, METEOR, CIDEr, SPICE",AAAI 2023,,,,,,
2022,CapOnImage: Context-driven Dense-Captioning on Image,CapOnImage: Context-driven Dense-Captioning on Image - ACL Anthology,"BLEU, METEOR, CIDEr, Div-n",EMNLP 2022,comparative,"relevance, diversity, informativeness",400,5,no,no
2022,Cross-Modal Similarity-Based Curriculum Learning for Image Captioning,Cross-Modal Similarity-Based Curriculum Learning for Image Captioning - ACL Anthology,"BLEU, METEOR, CIDEr, SPICE",EMNLP 2022,,,,,,
2022,FaD-VLP: Fashion Vision-and-Language Pre-training towards Unified Retrieval and Captioning,FaD-VLP: Fashion Vision-and-Language Pre-training towards Unified Retrieval and Captioning - ACL Anthology,"BLEU, METEOR, ROUGE, CIDEr",EMNLP 2022,,,,,,
2022,Text-Only Training for Image Captioning using Noise-Injected CLIP,Text-Only Training for Image Captioning using Noise-Injected CLIP - ACL Anthology,"BLEU, METEOR, ROUGE, CIDEr",EMNLP 2022,,,,,,
2022,Focus! Relevant and Sufficient Context Selection for News Image Captioning,Focus! Relevant and Sufficient Context Selection for News Image Captioning - ACL Anthology,"BLEU, ROUGE, CIDEr, Named entities PR",EMNLP 2022,,,,,,
2022,Visual Spatial Description: Controlled Spatial-Oriented Image-to-Text Generation,Visual Spatial Description: Controlled Spatial-Oriented Image-to-Text Generation - ACL Anthology,"BLEU, METEOR, ROUGE, CIDEr, SPICE",EMNLP 2022,scale rating,"spatial correctness, fluency, location correctness",400,3,no,no
2022,Factual Accuracy is not Enough: Planning Consistent Description Order for Radiology Report Generation,Factual Accuracy is not Enough: Planning Consistent Description Order for Radiology Report Generation - ACL Anthology,"BLEU, ROUGE, BERTScore, Clinical factual accuracy",EMNLP 2022,"scale rating, yes/no questions","fluency, clinic correctness, content order",100,8,yes,no
2022,Understanding Cross-modal Interactions in V&L Models that Generate Scene Descriptions,Understanding Cross-modal Interactions in V&L Models that Generate Scene Descriptions - ACL Anthology,"BLEU, METEOR, ROUGE, CIDEr, SPICE",EMNLP 2022,,,,,,
2022,Fine-grained Image Captioning with CLIP Reward,[2205.13115] Fine-grained Image Captioning with CLIP Reward,"BLEU, METEOR, ROUGE, CIDEr, BERTScore, CLIPScore, RefCLIPScore, retrieval, Rword",NAACL 2022,comparative,"overall, background, object, attribute, relation",50,10,no,no
2022,Combine to Describe: Evaluating Compositional Generalization in Image Captioning,Combine to Describe: Evaluating Compositional Generalization in Image Captioning - ACL Anthology,"BLEU, METEOR, ROUGE, CIDEr, BERTScore",ACL 2022,,,,,,
2022,Joint Generation of Captions and Subtitles with Dual Decoding,Joint Generation of Captions and Subtitles with Dual Decoding - ACL Anthology,BLEU,ACL 2022,,,,,,
2022,CLIP4IDC: CLIP for Image Difference Captioning,CLIP4IDC: CLIP for Image Difference Captioning - ACL Anthology,"BLEU, METEOR, ROUGE, CIDEr",AACL 2022,,,,,,
2022,MORE: Multi-Order RElation Mining for Dense Captioning in 3D Scenes,MORE: Multi-Order RElation Mining for Dense Captioning in 3D Scenes | SpringerLink,"BLEU, METEOR, ROUGE, CIDEr",ECCV 2022,,,,,,
2022,"GEB+: A Benchmark for Generic Event Boundary Captioning, Grounding and Retrieval","[2204.00486] GEB+: A Benchmark for Generic Event Boundary Captioning, Grounding and Retrieval","ROUGE, CIDEr, SPICE",ECCV 2022,,,,,,
2022,StyleBabel: Artistic Style Tagging and Captioning,[2203.05321] StyleBabel: Artistic Style Tagging and Captioning,"BLEU, METEOR, ROUGE, CIDEr",ECCV 2022,,,,,,
2022,Explicit image caption editing,Explicit Image Caption Editing | SpringerLink,"BLEU, ROUGE, CIDEr, SPICE",ECCV 2022,,,,,,
2022,GRIT: Faster and Better Image Captioning Transformer Using Dual Visual Features,GRIT: Faster and Better Image Captioning Transformer Using Dual Visual Features | SpringerLink,"BLEU, METEOR, ROUGE, CIDEr, SPICE",ECCV 2022,,,,,,
2022,Object-Centric Unsupervised Image Captioning,Object-Centric Unsupervised Image Captioning | SpringerLink,"BLEU, METEOR, ROUGE, CIDEr, SPICE, WMD",ECCV 2022,,,,,,
2022,NICGSlowDown: Evaluating the Efficiency Robustness of Neural Image Caption Generation Models,NICGSlowDown: Evaluating the Efficiency Robustness of Neural Image Caption Generation Models,BLEU,CVPR 2022,,,,,,
2022,Quantifying Societal Bias Amplification in Image Captioning,Quantifying Societal Bias Amplification in Image Captioning,"BLEU, METEOR, ROUGE, CIDEr, LIC, Gender error, Gender ratio, BiasAmp",CVPR 2022,,,,,,
2022,3DJCG: A Unified Framework for Joint Dense Captioning and Visual Grounding on 3D Point Clouds,3DJCG: A Unified Framework for Joint Dense Captioning and Visual Grounding on 3D Point Clouds,"BLEU, METEOR, ROUGE, CIDEr",CVPR 2022,,,,,,
2022,DIFNet: Boosting Visual Information Flow for Image Captioning,DIFNet: Boosting Visual Information Flow for Image Captioning,"BLEU, METEOR, ROUGE, CIDEr, SPICE",CVPR 2022,,,,,,
2022,VisualGPT: Data-Efficient Adaptation of Pretrained Language Models for Image Captioning,VisualGPT: Data-Efficient Adaptation of Pretrained Language Models for Image Captioning,"BLEU, METEOR, ROUGE, CIDEr",CVPR 2022,"comparative, yes/no questions","most accurately describe the image content, described non-existent objects, missed existing objects",250,5,yes,no
2022,X-Trans2Cap: Cross-Modal Knowledge Transfer Using Transformer for 3D Dense Captioning,X-Trans2Cap: Cross-Modal Knowledge Transfer Using Transformer for 3D Dense Captioning,"BLEU, METEOR, ROUGE, CIDEr",CVPR 2022,,,,,,
2022,Comprehending and Ordering Semantics for Image Captioning,Comprehending and Ordering Semantics for Image Captioning,"BLEU, METEOR, ROUGE, CIDEr, SPICE, CHAIR",CVPR 2022,,,,,,
2022,DeeCap: Dynamic Early Exiting for Efficient Image Captioning,DeeCap: Dynamic Early Exiting for Efficient Image Captioning,"BLEU, METEOR, ROUGE, CIDEr, SPICE",CVPR 2022,yes/no questions,generated by a human (yes/no),300,8,no,no
2022,"Show, Deconfound and Tell: Image Captioning With Causal Inference","Show, Deconfound and Tell: Image Captioning With Causal Inference","BLEU, METEOR, ROUGE, CIDEr, SPICE, CHAIR",CVPR 2022,,,,,,
2022,NOC-REK: Novel Object Captioning With Retrieved vocabulary From External Knowledge,NOC-REK: Novel Object Captioning With Retrieved vocabulary From External Knowledge,"METEOR, CIDEr, SPICE",CVPR 2022,,,,,,
2022,It Is Okay To Not Be Okay: Overcoming Emotional Bias in Affective Image Captioning by Contrastive Data Collection,It Is Okay To Not Be Okay: Overcoming Emotional Bias in Affective Image Captioning by Contrastive Data Collection,"BLEU, METEOR, ROUGE, CIDEr",CVPR 2022,comparative,which is better,100,5,no,no
2022,Injecting Semantic Concepts Into End-to-End Image Captioning,Injecting Semantic Concepts Into End-to-End Image Captioning,"BLEU, METEOR, ROUGE, CIDEr, SPICE",CVPR 2022,,,,,,
2022,Scaling Up Vision-Language Pre-Training for Image Captioning,Scaling Up Vision-Language Pre-Training for Image Captioning,"BLEU, METEOR, CIDEr, SPICE",CVPR 2022,,,,,,
2022,Beyond a Pre-Trained Object Detector: Cross-Modal Textual and Visual Context for Image Captioning,Beyond a Pre-Trained Object Detector: Cross-Modal Textual and Visual Context for Image Captioning,"BLEU, METEOR, ROUGE, CIDEr, SPICE",CVPR 2022,,,,,,
2022,Weakly-Supervised Generation and Grounding of Visual Descriptions With Conditional Generative Models,Weakly-Supervised Generation and Grounding of Visual Descriptions With Conditional Generative Models,"BLEU, METEOR, CIDEr, SPICE",CVPR 2022,,,,,,
2022,Paraphrasing Is All You Need for Novel Object Captioning,Paraphrasing Is All You Need for Novel Object Captioning,"BLEU, CIDEr, SPICE",Neurips 2022,"comparative, scale rating, yes/no questions","correctness, amount of detail, objects and activities correctness",60,24,no,no
2022,Learning Distinct and Representative Modes for Image Captioning,Learning Distinct and Representative Modes for Image Captioning,"BLEU, METEOR, ROUGE, CIDEr, SPICE, CLIPScore, Self-CIDEr, Div-n, mBLEU",Neurips 2022,,,,,,
2022,Visual Clues: Bridging Vision and Language Foundations for Image Paragraph Captioning,Visual Clues: Bridging Vision and Language Foundations for Image Paragraph Captioning,SPIPE,Neurips 2022,comparative,"accuracy, completeness, coherence",200,5,yes,no
2022,Attention-Aligned Transformer for Image Captioning,Attention-Aligned Transformer for Image Captioning,"BLEU, METEOR, ROUGE, CIDEr, SPICE",AAAI 2022,comparative,"naturalness, relevance, richness",400,8,no,no
2022,MAGIC: Multimodal relAtional Graph adversarIal inferenCe for Diverse and Unpaired Text-Based Image Captioning,MAGIC: Multimodal relAtional Graph adversarIal inferenCe for Diverse and Unpaired Text-Based Image Captioning,"BLEU, METEOR, ROUGE, CIDEr, SPICE, Self-CIDEr, Div-n",AAAI 2022,comparative,"diversity, accuracy, fluency",100,5,no,no
2022,Image Difference Captioning with Pre-training and Contrastive Learning,Image Difference Captioning with Pre-training and Contrastive Learning,"BLEU, METEOR, ROUGE, CIDEr",AAAI 2022,,,,,,
2022,End-to-End Transformer Based Model for Image Captioning,End-to-End Transformer Based Model for Image Captioning,"BLEU, METEOR, ROUGE, CIDEr, SPICE",AAAI 2022,,,,,,
2022,"Retrieve, Caption, Generate: Visual Grounding for Enhancing Commonsense in Text Generation Models","Retrieve, Caption, Generate: Visual Grounding for Enhancing Commonsense in Text Generation Models","BLEU, METEOR, ROUGE, CIDEr, SPICE, BERTScore, perplexity",AAAI 2022,comparative,"overall quality, commonsense, fluency",86,,yes,yes
2021,Journalistic Guidelines Aware News Image Captioning,Journalistic Guidelines Aware News Image Captioning - ACL Anthology,"BLEU, METEOR, ROUGE, CIDEr, Named entities PR",EMNLP 2021,scale rating,"describe image well, describe article well, easy to understand",200,,no,no
2021,Visual News: Benchmark and Challenges in News Image Captioning,Visual News: Benchmark and Challenges in News Image Captioning - ACL Anthology,"BLEU, METEOR, ROUGE, CIDEr, Named entities PR",EMNLP 2021,,,,,,
2021,Rˆ3Net:Relation-embedded Representation Reconstruction Network for Change Captioning,Rˆ3Net:Relation-embedded Representation Reconstruction Network for Change Captioning - ACL Anthology,"BLEU, METEOR, ROUGE, CIDEr, SPICE",EMNLP 2021,,,,,,
2021,Language Resource Efficient Learning for Captioning,Language Resource Efficient Learning for Captioning - ACL Anthology,"BLEU, METEOR, CIDEr",EMNLP 2021,,,,,,
2021,"Retrieval, Analogy, and Composition: A framework for Compositional Generalization in Image Captioning","Retrieval, Analogy, and Composition: A framework for Compositional Generalization in Image Captioning - ACL Anthology","BLEU, METEOR, ROUGE, CIDEr, SPICE, Div-n, Self-BLEU",EMNLP 2021,,,,,,
2021,Understanding Guided Image Captioning Performance across Domains,Understanding Guided Image Captioning Performance across Domains - ACL Anthology,"METEOR, ROUGE, CIDEr, SPICE, Div-n",CONLL 2021,scale rating,"informativness, correctness, fluency",1000,,no,no
2021,Control Image Captioning Spatially and Temporally,Control Image Captioning Spatially and Temporally - ACL Anthology,"BLEU, METEOR, ROUGE, CIDEr",ACL 2021,,,,,,
2021,Enhancing Descriptive Image Captioning with Natural Language Inference,Enhancing Descriptive Image Captioning with Natural Language Inference - ACL Anthology,"BLEU, METEOR, ROUGE, CIDEr, SPICE, retrieval",ACL 2021,scale rating,"fluency, descriptiveness, fidelity",100,3,no,no
2021,Semantic Relation-aware Difference Representation Learning for Change Captioning,Semantic Relation-aware Difference Representation Learning for Change Captioning - ACL Anthology,"BLEU, METEOR, ROUGE, CIDEr, SPICE",ACL 2021,,,,,,
2021,The Role of Syntactic Planning in Compositional Image Captioning,The Role of Syntactic Planning in Compositional Image Captioning - ACL Anthology,"BLEU, METEOR, CIDEr, SPICE, BERTScore",EACL 2021,,,,,,
2021,ECOL-R: Encouraging Copying in Novel Object Captioning with Reinforcement Learning,ECOL-R: Encouraging Copying in Novel Object Captioning with Reinforcement Learning - ACL Anthology,"METEOR, CIDEr, SPICE, Object PR",EACL 2021,,,,,,
2021,Removing Word-Level Spurious Alignment between Images and Pseudo-Captions in Unsupervised Image Captioning,Removing Word-Level Spurious Alignment between Images and Pseudo-Captions in Unsupervised Image Captioning,"BLEU, METEOR, ROUGE, CIDEr, SPICE, Object PR",EACL 2021,,,,,,
2021,Exploiting Image–Text Synergy for Contextual Image Captioning,Exploiting Image–Text Synergy for Contextual Image Captioning - ACL Anthology,"BLEU, ROUGE, CIDEr, SPICE, SemSim",EACL 2021,,,,,,
2021,Multi-Modal Image Captioning for the Visually Impaired,Multi-Modal Image Captioning for the Visually Impaired - ACL Anthology,"BLEU, ROUGE, CIDEr, SPICE",NAACL 2021,,,,,,
2021,Leveraging Partial Dependency Trees to Control Image Captions,Leveraging Partial Dependency Trees to Control Image Captions - ACL Anthology,"BLEU, METEOR, ROUGE, CIDEr, SPICE",NAACL 2021,,,,,,
2021,Validity-Based Sampling and Smoothing Methods for Multiple Reference Image Captioning,Validity-Based Sampling and Smoothing Methods for Multiple Reference Image Captioning - ACL Anthology,"BLEU, METEOR, ROUGE, CIDEr, SPICE",NAACL 2021,,,,,,
2021,Partial Off-Policy Learning: Balance Accuracy and Diversity for Human-Oriented Image Captioning,Partial Off-Policy Learning: Balance Accuracy and Diversity for Human-Oriented Image Captioning,"BLEU, METEOR, CIDEr, mBLEU, Self-CIDEr",ICCV 2021,,,,,,
2021,Viewpoint-Agnostic Change Captioning With Cycle Consistency,Viewpoint-Agnostic Change Captioning With Cycle Consistency,"BLEU, METEOR, ROUGE, CIDEr, SPICE",ICCV 2021,,,,,,
2021,Understanding and Evaluating Racial Biases in Image Captioning,Understanding and Evaluating Racial Biases in Image Captioning,"BLEU, CIDEr, SPICE",ICCV 2021,,,,,,
2021,Auto-Parsing Network for Image Captioning and Visual Question Answering,Auto-Parsing Network for Image Captioning and Visual Question Answering,"BLEU, METEOR, ROUGE, CIDEr, SPICE, CHAIR",ICCV 2021,,,,,,
2021,In Defense of Scene Graphs for Image Captioning,In Defense of Scene Graphs for Image Captioning,"BLEU, METEOR, ROUGE, CIDEr, SPICE",ICCV 2021,,,,,,
2021,TAP: Text-Aware Pre-Training for Text-VQA and Text-Caption,TAP: Text-Aware Pre-Training for Text-VQA and Text-Caption,CIDEr,CVPR 2021,,,,,,
2021,Human-Like Controllable Image Captioning With Verb-Specific Semantic Roles,Human-Like Controllable Image Captioning With Verb-Specific Semantic Roles,"BLEU, METEOR, ROUGE, CIDEr, SPICE, Verb PR, Div-n, Self-CIDEr",CVPR 2021,,,,,,
2021,Image Change Captioning by Learning From an Auxiliary Task,Image Change Captioning by Learning From an Auxiliary Task,"BLEU, METEOR, ROUGE, CIDEr, SPICE",CVPR 2021,,,,,,
2021,Towards Accurate Text-Based Image Captioning With Content Diversity Exploration,Towards Accurate Text-Based Image Captioning With Content Diversity Exploration,"BLEU, METEOR, ROUGE, CIDEr, SPICE, Div-n, Self-CIDEr",CVPR 2021,,,,,,
2021,Improving OCR-Based Image Captioning by Incorporating Geometrical Relationship,Improving OCR-Based Image Captioning by Incorporating Geometrical Relationship,"BLEU, METEOR, ROUGE, CIDEr, SPICE",CVPR 2021,,,,,,
2021,Scan2Cap: Context-Aware Dense Captioning in RGB-D Scans,Scan2Cap: Context-Aware Dense Captioning in RGB-D Scans,"BLEU, METEOR, ROUGE, CIDEr",CVPR 2021,,,,,,
2021,RSTNet: Captioning With Adaptive Attention on Visual and Non-Visual Words,RSTNet: Captioning With Adaptive Attention on Visual and Non-Visual Words,"BLEU, METEOR, ROUGE, CIDEr, SPICE",CVPR 2021,,,,,,
2021,VIVO: Visual vocabulary Pre-Training for Novel Object Captioning,VIVO: Visual vocabulary Pre-Training for Novel Object Captioning,"BLEU, METEOR, CIDEr, SPICE",AAAI 2021,,,,,,
2021,Improving Image Captioning by Leveraging Intra- and Inter-layer Global Representation in Transformer Network,Improving Image Captioning by Leveraging Intra- and Inter-layer Global Representation in Transformer Network,"BLEU, METEOR, ROUGE, CIDEr, SPICE",AAAI 2021,,,,,,
2021,Partially Non-Autoregressive Image Captioning,Partially Non-Autoregressive Image Captioning,"BLEU, METEOR, ROUGE, CIDEr, SPICE",AAAI 2021,comparative,turing test,200,8,no,no
2021,Memory-Augmented Image Captioning,Memory-Augmented Image Captioning,"BLEU, METEOR, ROUGE, CIDEr, SPICE",AAAI 2021,comparative,"naturalness, relevance, richness",200,8,no,no
2021,Image Captioning with Context-Aware Auxiliary Guidance,Image Captioning with Context-Aware Auxiliary Guidance,"BLEU, METEOR, ROUGE, CIDEr, SPICE",AAAI 2021,comparative,descriptivness,500,10,no,no
2021,Dual-level Collaborative Transformer for Image Captioning,Dual-level Collaborative Transformer for Image Captioning,"BLEU, METEOR, ROUGE, CIDEr, SPICE",AAAI 2021,,,,,,
2021,Consensus Graph Representation Learning for Better Grounded Image Captioning,Consensus Graph Representation Learning for Better Grounded Image Captioning - AAAI,"BLEU, METEOR, CIDEr, SPICE, CHAIR, Object PR",AAAI 2021,comparative,more descriptive and captures more key visual concepts,100,5,no,no
2021,Object Relation Attention for Image Paragraph Captioning,Object Relation Attention for Image Paragraph Captioning,"BLEU, METEOR, CIDEr",AAAI 2021,,,,,,
2021,FIXMYPOSE: Pose Correctional Captioning and Retrieval,FIXMYPOSE: Pose Correctional Captioning and Retrieval,"BLEU, METEOR, ROUGE, CIDEr",AAAI 2021,comparative,"relevancy to image, fluency/grammar",100,,no,no
2020,Are Scene Graphs Good Enough to Improve Image Captioning?,Are Scene Graphs Good Enough to Improve Image Captioning? - ACL Anthology,"BLEU, ROUGE, CIDEr, SPICE",AACL 2020,,,,,,
2020,Cross-modal Coherence Modeling for Caption Generation,Cross-modal Coherence Modeling for Caption Generation - ACL Anthology,CIDEr,ACL 2020,scale rating,"good or not, quality, relevance",,,yes,no
2020,Improving Image Captioning with Better Use of Caption,Improving Image Captioning with Better Use of Caption - ACL Anthology,"BLEU, METEOR, ROUGE, CIDEr, SPICE",ACL 2020,comparative,"which is better, fidelity, informativeness, fluency",150,3,no,no
2020,Feature Difference Makes Sense: A medical image captioning model exploiting feature difference and tag information,A medical image captioning model exploiting feature difference and tag information - ACL Anthology,"BLEU, ROUGE, CIDEr",ACL 2020,,,,,,
2020,Pragmatic Issue-Sensitive Image Captioning,Pragmatic Issue-Sensitive Image Captioning - ACL Anthology,CIDEr,EMNLP 2020,Answer question using caption,,110,105,yes,no
2020,Structural and Functional Decomposition for Personality Image Captioning in a Communication Game,Structural and Functional Decomposition for Personality Image Captioning in a Communication Game - ACL Anthology,"BLEU, ROUGE, CIDEr, SPICE",EMNLP 2020,comparative,"engaging, relevancy to image, related to input personality trait",50,12,yes,no
2020,Generating Image Descriptions via Sequential Cross-Modal Alignment Guided by Human Gaze,Generating Image Descriptions via Sequential Cross-Modal Alignment Guided by Human Gaze - ACL Anthology,"BLEU, CIDEr, SSD",EMNLP 2020,,,,,,
2020,Compare and Reweight: Distinctive Image Captioning Using Similar Images Sets,Compare and Reweight: Distinctive Image Captioning Using Similar Images Sets,"BLEU, METEOR, ROUGE, CIDEr, SPICE, CIDErBtw, retrieval",ECCV 2020,"comparative, retrieval","distinctivness, accuracy",50,20,yes,no
2020,TextCaps: a Dataset for Image Captioning with Reading Comprehension,TextCaps: a Dataset for Image Captioning with Reading Comprehension,"BLEU, METEOR, ROUGE, CIDEr, SPICE",ECCV 2020,scale rating,,200,,no,no
2020,Towards Unique and Informative Captioning of Images,Towards Unique and Informative Captioning of Images,"BLEU, METEOR, CIDEr, SPICE, CHAIR, SPICE-U",ECCV 2020,,,,,,
2020,Fashion Captioning: Towards Generating Accurate Descriptions with Semantic Rewards,Fashion Captioning: Towards Generating Accurate Descriptions with Semantic Rewards,"BLEU, METEOR, ROUGE, CIDEr, SPICE",ECCV 2020,comparative,attractiveness,200,5,no,yes
2020,Length-Controllable Image Captioning,Length-Controllable Image Captioning,"BLEU, METEOR, ROUGE, CIDEr, SPICE",ECCV 2020,,,,,,
2020,Comprehensive Image Captioning via Scene Graph Decomposition,Comprehensive Image Captioning via Scene Graph Decomposition,"BLEU, METEOR, ROUGE, CIDEr, SPICE, mBLEU, Div-n, novel, distinct",ECCV 2020,,,,,,
2020,Finding It at Another Side: A Viewpoint-Adapted Matching Encoder for Change Captioning,Finding It at Another Side: A Viewpoint-Adapted Matching Encoder for Change Captioning,"BLEU, METEOR, ROUGE, CIDEr, SPICE",ECCV 2020,,,,,,
2020,Captioning Images Taken by People Who Are Blind,Captioning Images Taken by People Who Are Blind,"BLEU, METEOR, ROUGE, CIDEr, SPICE",ECCV 2020,,,,,,
2020,Learning to Generate Grounded Visual Captions without Localization Supervision,Learning to Generate Grounded Visual Captions without Localization Supervision,"BLEU, METEOR, CIDEr, SPICE",ECCV 2020,,,,,,
2020,Say As You Wish: Fine-Grained Control of Image Caption Generation With Abstract Scene Graphs,Say As You Wish: Fine-Grained Control of Image Caption Generation With Abstract Scene Graphs,"BLEU, METEOR, ROUGE, CIDEr, SPICE",CVPR 2020,,,,,,
2020,"Show, Edit and Tell: A Framework for Editing Image Captions","Show, Edit and Tell: A Framework for Editing Image Captions","BLEU, ROUGE, CIDEr, SPICE",CVPR 2020,,,,,,
2020,Normalized and Geometry-Aware Self-Attention Network for Image Captioning,Normalized and Geometry-Aware Self-Attention Network for Image Captioning,"BLEU, METEOR, ROUGE, CIDEr, SPICE",CVPR 2020,,,,,,
2020,Better Captioning With Sequence-Level Exploration,Better Captioning With Sequence-Level Exploration,"METEOR, CIDEr, SPICE, Div-n, mBLEU",CVPR 2020,,,,,,
2020,Meshed-Memory Transformer for Image Captioning,Meshed-Memory Transformer for Image Captioning,"BLEU, METEOR, ROUGE, CIDEr, SPICE",CVPR 2020,,,,,,
2020,X-Linear Attention Networks for Image Captioning,X-Linear Attention Networks for Image Captioning,"BLEU, METEOR, ROUGE, CIDEr, SPICE",CVPR 2020,,,,,,
2020,More Grounded Image Captioning by Distilling Image-Text Matching Model,More Grounded Image Captioning by Distilling Image-Text Matching Model,"BLEU, METEOR, CIDEr, SPICE",CVPR 2020,,,,,,
2020,Transform and Tell: Entity-Aware News Image Captioning,Transform and Tell: Entity-Aware News Image Captioning,"BLEU, ROUGE, CIDEr, Named entities PR",CVPR 2020,,,,,,
2020,RATT: Recurrent Attention to Transient Tasks for Continual Image Captioning,RATT: Recurrent Attention to Transient Tasks for Continual Image Captioning,"BLEU, METEOR, CIDEr",Neurips 2020,comparative,best represents the image content,400,22,no,no
2020,Diverse Image Captioning with Context-Object Split Latent Spaces,Diverse Image Captioning with Context-Object Split Latent Spaces,"BLEU, METEOR, ROUGE, CIDEr, SPICE, Div-n, mBLEU, unique, novel",Neurips 2020,,,,,,
2020,Learning Long- and Short-Term User Literal-Preference with Multimodal Hierarchical Transformer Network for Personalized Image Caption,Learning Long- and Short-Term User Literal-Preference with Multimodal Hierarchical Transformer Network for Personalized Image Caption,"BLEU, METEOR, ROUGE, CIDEr, SPICE",AAAI 2020,,,,,,
2020,Unified Vision-Language Pre-Training for Image Captioning and VQA,Unified Vision-Language Pre-Training for Image Captioning and VQA,"BLEU, METEOR, CIDEr, SPICE",AAAI 2020,,,,,,
2020,MemCap: Memorizing Style Knowledge for Image Captioning,MemCap: Memorizing Style Knowledge for Image Captioning,"BLEU, METEOR, CIDEr, perplexity",AAAI 2020,,,,,,
2020,"Show, Recall, and Tell: Image Captioning with Recall Mechanism","Show, Recall, and Tell: Image Captioning with Recall Mechanism - AAAI","BLEU, METEOR, ROUGE, CIDEr, SPICE",AAAI 2020,,,,,,
2020,Interactive Dual Generative Adversarial Networks for Image Captioning,Interactive Dual Generative Adversarial Networks for Image Captioning,"BLEU, METEOR, ROUGE, CIDEr",AAAI 2020,scale rating,"informativeness, fluency",100,3,no,no
2020,Joint Commonsense and Relation Reasoning for Image and Video Captioning,Joint Commonsense and Relation Reasoning for Image and Video Captioning,"BLEU, METEOR, CIDEr, SPICE",AAAI 2020,,,,,,
2020,Feature Deformation Meta-Networks in Image Captioning of Novel Objects,Feature Deformation Meta-Networks in Image Captioning of Novel Objects,"BLEU, METEOR, ROUGE, CIDEr, SPICE",AAAI 2020,comparative,which is better,,,no,no
2019,Informative Image Captioning with External Sources of Information,Informative Image Captioning with External Sources of Information - ACL Anthology,"CIDEr, Object PR",ACL 2019,comparative,"informativeness, correctness and fluency",2000,3,no,no
2019,Bridging by Word: Image Grounded vocabulary Construction for Visual Captioning,Bridging by Word: Image Grounded vocabulary Construction for Visual Captioning - ACL Anthology,"BLEU, METEOR, ROUGE, CIDEr",ACL 2019,,,,,,
2019,Compositional Generalization in Image Captioning,Compositional Generalization in Image Captioning - ACL Anthology,"BLEU, METEOR, CIDEr, SPICE",CONLL 2019,,,,,,
2019,Decoupled Box Proposal and Featurization with Ultrafine-Grained Semantic Labels Improve Image Captioning and Visual Question Answering,Decoupled Box Proposal and Featurization with Ultrafine-Grained Semantic Labels Improve Image Captioning and Visual Question Answering,"ROUGE, CIDEr, SPICE",EMNLP 2019,,,,,,
2019,Image Captioning with Very Scarce Supervised Data: Adversarial Semi-Supervised Learning Approach,Image Captioning with Very Scarce Supervised Data: Adversarial Semi-Supervised Learning Approach - ACL Anthology,"BLEU, METEOR, ROUGE, CIDEr, SPICE",EMNLP 2019,,,,,,
2019,On the Role of Scene Graphs in Image Captioning,On the Role of Scene Graphs in Image Captioning - ACL Anthology,"BLEU, METEOR, ROUGE, CIDEr, SPICE",EMNLP 2019,,,,,,
2019,Learning to Caption Images Through a Lifetime by Asking Questions,Learning to Caption Images Through a Lifetime by Asking Questions,"BLEU, METEOR, ROUGE, CIDEr, vocab",ICCV 2019,,,,,,
2019,Generating Diverse and Descriptive Image Captions Using Visual Paraphrases,Generating Diverse and Descriptive Image Captions Using Visual Paraphrases,"BLEU, CIDEr, SPICE, Yngve score, Tdiv, retrieval, Dist",ICCV 2019,,,,,,
2019,Exploring Overall Contextual Information for Image Captioning in Human-Like Cognitive Style,Exploring Overall Contextual Information for Image Captioning in Human-Like Cognitive Style,"BLEU, METEOR, ROUGE, CIDEr",ICCV 2019,scale rating,"fluency, relevance, diversity, descriptiveness",100,20,yes,no
2019,Hierarchy Parsing for Image Captioning,Hierarchy Parsing for Image Captioning,"BLEU, METEOR, ROUGE, CIDEr, SPICE",ICCV 2019,"comparative, yes/no questions",human like (yes/no),1000,12,no,no
2019,Learning to Collocate Neural Modules for Image Captioning,Learning to Collocate Neural Modules for Image Captioning,"BLEU, METEOR, ROUGE, CIDEr, SPICE",ICCV 2019,comparative,"fluency, descriptiveness, relevance to image",100,20,no,no
2019,Sequential Latent Spaces for Modeling the Intention During Diverse Image Captioning,Sequential Latent Spaces for Modeling the Intention During Diverse Image Captioning,"BLEU, METEOR, ROUGE, CIDEr, SPICE, mBLEU, Div-n, novel, distinct",ICCV 2019,,,,,,
2019,Robust Change Captioning,Robust Change Captioning,"BLEU, METEOR, CIDEr, SPICE",ICCV 2019,,,,,,
2019,Attention on Attention for Image Captioning,Attention on Attention for Image Captioning,"BLEU, METEOR, ROUGE, CIDEr, SPICE",ICCV 2019,comparative,descriptiveness,100,30,no,no
2019,Towards Unsupervised Image Captioning With Shared Multimodal Embeddings,Towards Unsupervised Image Captioning With Shared Multimodal Embeddings,"BLEU, METEOR, ROUGE, CIDEr, SPICE, WMD",ICCV 2019,,,,,,
2019,Reflective Decoding Network for Image Captioning,Reflective Decoding Network for Image Captioning,"BLEU, METEOR, ROUGE, CIDEr, SPICE",ICCV 2019,,,,,,
2019,Human Attention in Image Captioning: Dataset and Analysis,Human Attention in Image Captioning: Dataset and Analysis,"BLEU, METEOR, ROUGE, CIDEr",ICCV 2019,,,,,,
2019,Joint Optimization for Cooperative Image Captioning,Joint Optimization for Cooperative Image Captioning,"BLEU, METEOR, ROUGE, CIDEr, SPICE, retrieval",ICCV 2019,"scale rating, retrieval",,,,no,no
2019,Entangled Transformer for Image Captioning,Entangled Transformer for Image Captioning,"BLEU, METEOR, ROUGE, CIDEr, SPICE",ICCV 2019,,,,,,
2019,nocaps: novel object captioning at scale,nocaps: novel object captioning at scale,"BLEU, METEOR, ROUGE, CIDEr, SPICE",ICCV 2019,,,,,,
2019,Unpaired Image Captioning via Scene Graph Alignments,Unpaired Image Captioning via Scene Graph Alignments,"BLEU, METEOR, ROUGE, CIDEr, SPICE",ICCV 2019,,,,,,
2019,"Show, Control and Tell: A Framework for Generating Controllable and Grounded Captions","Show, Control and Tell: A Framework for Generating Controllable and Grounded Captions","BLEU, METEOR, ROUGE, CIDEr, SPICE, NW",CVPR 2019,,,,,,
2019,Intention Oriented Image Captions With Guiding Objects,Intention Oriented Image Captions With Guiding Objects,"METEOR, CIDEr, SPICE",CVPR 2019,,,,,,
2019,Adversarial Semantic Alignment for Improved Image Captions,Adversarial Semantic Alignment for Improved Image Captions,"METEOR, CIDEr, Semantic Score",CVPR 2019,"comparative, scale rating","which is better, turing test",,5,no,no
2019,Unsupervised Image Captioning,Unsupervised Image Captioning,"BLEU, METEOR, ROUGE, CIDEr, SPICE",CVPR 2019,,,,,,
2019,Describing Like Humans: On Diversity in Image Captioning,Describing Like Humans: On Diversity in Image Captioning,"BLEU, METEOR, ROUGE, CIDEr, SPICE, vocab, Self-CIDEr, LSA, mBLEU",CVPR 2019,,,,,,
2019,MSCap: Multi-Style Image Captioning With Unpaired Stylized Text,MSCap: Multi-Style Image Captioning With Unpaired Stylized Text,"BLEU, METEOR, CIDEr, perplexity",CVPR 2019,scale rating,"fluency, relevancy, humor, romantic",50,10,no,no
2019,Context and Attribute Grounded Dense Captioning,Context and Attribute Grounded Dense Captioning,METEOR,CVPR 2019,,,,,,
2019,Dense Relational Captioning: Triple-Stream Networks for Relationship-Based Captioning,Dense Relational Captioning: Triple-Stream Networks for Relationship-Based Captioning,"METEOR, retrieval",CVPR 2019,,,,,,
2019,Self-Critical N-Step Training for Image Captioning,Self-Critical N-Step Training for Image Captioning,"BLEU, METEOR, ROUGE, CIDEr, SPICE",CVPR 2019,,,,,,
2019,Look Back and Predict Forward in Image Captioning,Look Back and Predict Forward in Image Captioning,"BLEU, METEOR, ROUGE, CIDEr, SPICE",CVPR 2019,,,,,,
2019,Auto-Encoding Scene Graphs for Image Captioning,Auto-Encoding Scene Graphs for Image Captioning,"BLEU, METEOR, ROUGE, CIDEr, SPICE",CVPR 2019,comparative,descriptiveness,100,30,no,no
2019,"Fast, Diverse and Accurate Image Captioning Guided by Part-Of-Speech","Fast, Diverse and Accurate Image Captioning Guided by Part-Of-Speech","BLEU, METEOR, ROUGE, CIDEr, SPICE, mBLEU, Div-n, novel, distinct",CVPR 2019,comparative,more appropriate image caption,,123,no,no
2019,"Good News, Everyone! Context Driven Entity-Aware Captioning for News Images","Good News, Everyone! Context Driven Entity-Aware Captioning for News Images","BLEU, METEOR, ROUGE, CIDEr, SPICE, Named entities PR",CVPR 2019,comparative,similarity to gt,106,20,no,yes
2019,Pointing Novel Objects in Image Captioning,Pointing Novel Objects in Image Captioning,"METEOR, CIDEr, SPICE, Object PR",CVPR 2019,,,,,,
2019,Engaging Image Captioning via Personality,Engaging Image Captioning via Personality,"BLEU, ROUGE, CIDEr, SPICE",CVPR 2019,yes/no questions,"fits image, fits personality (yes/no)",500,,no,no
2019,Image Captioning: Transforming Objects into Words,Image Captioning: Transforming Objects into Words,"BLEU, METEOR, ROUGE, CIDEr, SPICE",Neurips 2019,,,,,,
2019,Variational Structured Semantic Inference for Diverse Image Captioning,Variational Structured Semantic Inference for Diverse Image Captioning,"BLEU, METEOR, ROUGE, CIDEr, SPICE, Div-n, mBLEU, unique, novel",Neurips 2019,,,,,,
2019,Adaptively Aligned Image Captioning via Adaptive Attention Time,Adaptively Aligned Image Captioning via Adaptive Attention Time,"BLEU, METEOR, ROUGE, CIDEr, SPICE",Neurips 2019,,,,,,
2019,Hierarchical Attention Network for Image Captioning,Hierarchical Attention Network for Image Captioning,"BLEU, METEOR, ROUGE, CIDEr, SPICE",AAAI 2019,,,,,,
2019,Connecting Language to Images: A Progressive Attention-Guided Network for Simultaneous Image Captioning and Language Grounding,Connecting Language to Images: A Progressive Attention-Guided Network for Simultaneous Image Captioning and Language Grounding,"BLEU, METEOR, ROUGE, CIDEr",AAAI 2019,,,,,,
2019,Meta Learning for Image Captioning,Meta Learning for Image Captioning,"BLEU, METEOR, ROUGE, CIDEr, SPICE, retrieval",AAAI 2019,,,,,,
2019,Learning Object Context for Dense Captioning,Learning Object Context for Dense Captioning,METEOR,AAAI 2019,,,,,,
2019,Deliberate Attention Networks for Image Captioning,Deliberate Attention Networks for Image Captioning,"BLEU, METEOR, ROUGE, CIDEr, SPICE",AAAI 2019,,,,,,
2019,Improving Image Captioning with Conditional Generative Adversarial Nets,Improving Image Captioning with Conditional Generative Adversarial Nets,"BLEU, METEOR, ROUGE, CIDEr, SPICE",AAAI 2019,,,,,,
2019,Unsupervised Stylish Image Description Generation via Domain Layer Norm,Unsupervised Stylish Image Description Generation via Domain Layer Norm,"SPICE, Noun PR",AAAI 2019,yes/no questions,relatedness,100,2,no,no
2018,"Conceptual Captions: A Cleaned, Hypernymed, Image Alt-text Dataset For Automatic Image Captioning","Conceptual Captions: A Cleaned, Hypernymed, Image Alt-text Dataset For Automatic Image Captioning - ACL Anthology","METEOR, ROUGE, CIDEr, SPICE",ACL 2018,yes/no questions,good or bad,1000,3,no,no
2018,Attacking Visual Language Grounding with Adversarial Examples: A Case Study on Neural Image Captioning,Attacking Visual Language Grounding with Adversarial Examples: A Case Study on Neural Image Captioning - ACL Anthology,"BLEU, METEOR, ROUGE",ACL 2018,,,,,,
2018,End-to-end Image Captioning Exploits Distributional Similarity in Multimodal Space,End-to-end Image Captioning Exploits Distributional Similarity in Multimodal Space - ACL Anthology,"BLEU, METEOR, CIDEr, SPICE",EMNLP 2018,,,,,,
2018,simNet: Stepwise Image-Topic Merging Network for Generating Detailed and Comprehensive Image Captions,simNet: Stepwise Image-Topic Merging Network for Generating Detailed and Comprehensive Image Captions - ACL Anthology,"BLEU, METEOR, ROUGE, CIDEr, SPICE",EMNLP 2018,,,,,,
2018,Improving Reinforcement Learning Based Image Captioning with Natural Language Prior,Improving Reinforcement Learning Based Image Captioning with Natural Language Prior - ACL Anthology,"BLEU, METEOR, ROUGE, CIDEr",EMNLP 2018,comparative,which is better,200,,no,no
2018,Training for Diversity in Image Paragraph Captioning,Training for Diversity in Image Paragraph Captioning - ACL Anthology,"BLEU, METEOR, CIDEr",EMNLP 2018,,,,,,
2018,Entity-aware Image Caption Generation,Entity-aware Image Caption Generation - ACL Anthology,"BLEU, METEOR, ROUGE, CIDEr, vocab, Named entities PR",EMNLP 2018,scale rating,relatedness,259,,no,no
2018,Object Counts! Bringing Explicit Detections Back into Image Captioning,Object Counts! Bringing Explicit Detections Back into Image Captioning - ACL Anthology,"BLEU, METEOR, CIDEr, SPICE",NAACL 2018,,,,,,
2018,Pragmatically Informative Image Captioning with Character-Level Inference,Pragmatically Informative Image Captioning with Character-Level Inference - ACL Anthology,retrieval,NAACL 2018,,,,,,
2018,Punny Captions: Witty Wordplay in Image Descriptions,Punny Captions: Witty Wordplay in Image Descriptions - ACL Anthology,,NAACL 2018,comparative,wittieness,100,9,no,no
2018,Boosted Attention: Leveraging Human Attention for Image Captioning,Boosted Attention: Leveraging Human Attention for Image Captioning,"BLEU, METEOR, ROUGE, CIDEr",ECCV 2018,,,,,,
2018,"Show, Tell and Discriminate: Image Captioning by Self-retrieval with Partially Labeled Data","Show, Tell and Discriminate: Image Captioning by Self-retrieval with Partially Labeled Data","BLEU, METEOR, ROUGE, CIDEr, SPICE, retrieval, unique, novel",ECCV 2018,,,,,,
2018,Unpaired Image Captioning by Language Pivoting,Unpaired Image Captioning by Language Pivoting,"BLEU, METEOR, CIDEr, Self-BLEU",ECCV 2018,scale rating,"relevant, resemble",1200,,no,no
2018,Rethinking the Form of Latent States in Image Captioning,Rethinking the Form of Latent States in Image Captioning,"BLEU, METEOR, ROUGE, CIDEr, SPICE",ECCV 2018,,,,,,
2018,Women also Snowboard: Overcoming Bias in Captioning Models,Women also Snowboard: Overcoming Bias in Captioning Models,"METEOR, Gender error, Gender ratio",ECCV 2018,,,,,,
2018,Recurrent Fusion Network for Image captioning,Recurrent Fusion Network for Image captioning,"BLEU, METEOR, ROUGE, CIDEr, SPICE",ECCV 2018,,,,,,
2018,``Factual'' or ``Emotional'': Stylized Image Captioning with Adaptive Learning and Attention,``Factual'' or ``Emotional'': Stylized Image Captioning with Adaptive Learning and Attention,"BLEU, METEOR, ROUGE, CIDEr",ECCV 2018,,,,,,
2018,Exploring Visual Relationship for Image Captioning,Exploring Visual Relationship for Image Captioning,"BLEU, METEOR, ROUGE, CIDEr, SPICE",ECCV 2018,"comparative, yes/no questions",resemble human-generated,1000,12,no,no
2018,Regularizing RNNs for Caption Generation by Reconstructing the Past With the Present,Regularizing RNNs for Caption Generation by Reconstructing the Past With the Present,"BLEU, METEOR, ROUGE, CIDEr, SPICE",CVPR 2018,,,,,,
2018,Discriminability Objective for Training Descriptive Captions,Discriminability Objective for Training Descriptive Captions,"BLEU, METEOR, ROUGE, CIDEr, SPICE, retrieval",CVPR 2018,retrieval,,,5,no,no
2018,SemStyle: Learning to Generate Stylised Image Captions Using Unaligned Text,SemStyle: Learning to Generate Stylised Image Captions Using Unaligned Text,"BLEU, METEOR, CIDEr, SPICE, perplexity",CVPR 2018,"scale rating, yes/no questions","descriptivenss, style",300,3,no,no
2018,GroupCap: Group-Based Image Captioning With Structured Relevance and Diversity Constraints,GroupCap: Group-Based Image Captioning With Structured Relevance and Diversity Constraints,"BLEU, METEOR, ROUGE, Named entities PR",CVPR 2018,,,,,,
2018,Convolutional Image Captioning,Convolutional Image Captioning,"BLEU, METEOR, ROUGE, CIDEr, SPICE",CVPR 2018,,,,,,
2018,Bottom-Up and Top-Down Attention for Image Captioning and Visual Question Answering,Bottom-Up and Top-Down Attention for Image Captioning and Visual Question Answering,"BLEU, METEOR, ROUGE, CIDEr, SPICE",CVPR 2018,,,,,,
2018,A Neural Compositional Paradigm for Image Captioning,A Neural Compositional Paradigm for Image Captioning,"BLEU, METEOR, ROUGE, CIDEr, SPICE, novel, unique, vocab, diversity edit dist",Neurips 2018,,,,,,
2018,Turbo Learning for CaptionBot and DrawingBot,Turbo Learning for CaptionBot and DrawingBot,"BLEU, METEOR, ROUGE, CIDEr, SPICE",Neurips 2018,,,,,,
2018,Partially-Supervised Image Captioning,Partially-Supervised Image Captioning,"METEOR, CIDEr, SPICE, Object PR",Neurips 2018,,,,,,
2018,Learning to Guide Decoding for Image Captioning,Learning to Guide Decoding for Image Captioning - AAAI,"BLEU, METEOR, ROUGE, CIDEr, vocab",AAAI 2018,,,,,,
2018,Temporal-Difference Learning With Sampling Baseline for Image Captioning,Temporal-Difference Learning With Sampling Baseline for Image Captioning - AAAI,"BLEU, METEOR, ROUGE, CIDEr",AAAI 2018,,,,,,
2018,Stack-Captioning: Coarse-to-Fine Learning for Image Captioning,Stack-Captioning: Coarse-to-Fine Learning for Image Captioning - AAAI,"BLEU, METEOR, ROUGE, CIDEr, SPICE",AAAI 2018,,,,,,
2017,Guided Open vocabulary Image Captioning with Constrained Beam Search,Guided Open vocabulary Image Captioning with Constrained Beam Search - ACL Anthology,"METEOR, CIDEr, SPICE, Object PR",EMNLP 2017,comparative,which is better,6000,3,no,no
2017,Speaking the Same Language: Matching Machine to Human Captions by Adversarial Training,Speaking the Same Language: Matching Machine to Human Captions by Adversarial Training,"METEOR, SPICE, Div-n, mBLEU, vocab, novel",ICCV 2017,comparative,which is better,,,no,yes
2017,Improved Image Captioning via Policy Gradient Optimization of SPIDEr,Improved Image Captioning via Policy Gradient Optimization of SPIDEr,"BLEU, METEOR, ROUGE, CIDEr",ICCV 2017,scale rating,how good,982,3,yes,no
2017,An Empirical Study of Language CNN for Image Captioning,An Empirical Study of Language CNN for Image Captioning,"BLEU, METEOR, CIDEr, SPICE",ICCV 2017,,,,,,
2017,Areas of Attention for Image Captioning,Areas of Attention for Image Captioning,"BLEU, METEOR, CIDEr",ICCV 2017,,,,,,
2017,Paying Attention to Descriptions Generated by Image Captioning Models,Paying Attention to Descriptions Generated by Image Captioning Models,"BLEU, METEOR, ROUGE, CIDEr",ICCV 2017,,,,,,
2017,Boosting Image Captioning With Attributes,Boosting Image Captioning With Attributes,"BLEU, METEOR, ROUGE, CIDEr, SPICE",ICCV 2017,"comparative, yes/no questions",resemble human-generated,1000,12,no,no
2017,Towards Diverse and Natural Image Descriptions via a Conditional GAN,Towards Diverse and Natural Image Descriptions via a Conditional GAN,"BLEU, METEOR, ROUGE, CIDEr, SPICE",ICCV 2017,comparative,which is better,100,30,no,no
2017,Context-Aware Captions From Context-Agnostic Supervision,Context-Aware Captions From Context-Agnostic Supervision,"METEOR, CIDEr",CVPR 2017,retrieval,,,,no,no
2017,StyleNet: Generating Attractive Visual Captions With Styles,StyleNet: Generating Attractive Visual Captions With Styles,"BLEU, METEOR, ROUGE, CIDEr",CVPR 2017,comparative,attractiveness,,,no,no
2017,Deep Reinforcement Learning-Based Image Captioning With Embedding Reward,Deep Reinforcement Learning-Based Image Captioning With Embedding Reward,"BLEU, METEOR, ROUGE, CIDEr",CVPR 2017,,,,,,
2017,Knowing When to Look: Adaptive Attention via a Visual Sentinel for Image Captioning,Knowing When to Look: Adaptive Attention via a Visual Sentinel for Image Captioning,"BLEU, METEOR, ROUGE, CIDEr, SPICE",CVPR 2017,,,,,,
2017,Attend to You: Personalized Image Captioning With Context Sequence Memory Networks,Attend to You: Personalized Image Captioning With Context Sequence Memory Networks,"BLEU, METEOR, ROUGE, CIDEr",CVPR 2017,comparative,relevancy,,3,no,no
2017,Dense Captioning With Joint Inference and Visual Context,Dense Captioning With Joint Inference and Visual Context,,CVPR 2017,,,,,,
2017,Semantic Compositional Networks for Visual Captioning,Semantic Compositional Networks for Visual Captioning,"BLEU, METEOR, ROUGE, CIDEr",CVPR 2017,,,,,,
2017,SCA-CNN: Spatial and Channel-Wise Attention in Convolutional Networks for Image Captioning,SCA-CNN: Spatial and Channel-Wise Attention in Convolutional Networks for Image Captioning,"BLEU, METEOR, ROUGE, CIDEr",CVPR 2017,,,,,,
2017,Captioning Images With Diverse Objects,Captioning Images With Diverse Objects,"METEOR, Object PR",CVPR 2017,comparative,"incorporates the object label meaningfully in the description, describes the image better",,3,no,no
2017,Incorporating Copying Mechanism in Image Captioning for Learning Novel Objects,Incorporating Copying Mechanism in Image Captioning for Learning Novel Objects,"METEOR, Object PR",CVPR 2017,,,,,,
2017,Bidirectional Beam Search: Forward-Backward Inference in Neural Sequence Models for Fill-In-The-Blank Image Captioning,Bidirectional Beam Search: Forward-Backward Inference in Neural Sequence Models for Fill-In-The-Blank Image Captioning,"BLEU, METEOR, CIDEr",CVPR 2017,,,,,,
2017,Self-Critical Sequence Training for Image Captioning,Self-Critical Sequence Training for Image Captioning,"BLEU, METEOR, ROUGE, CIDEr",CVPR 2017,,,,,,
2017,Skeleton Key: Image Captioning by Skeleton-Attribute Decomposition,Skeleton Key: Image Captioning by Skeleton-Attribute Decomposition,"BLEU, METEOR, ROUGE, CIDEr, SPICE, unique",CVPR 2017,,,,,,
2017,Generating Descriptions With Grounded and Co-Referenced People,Generating Descriptions With Grounded and Co-Referenced People,"BLEU, METEOR, ROUGE, CIDEr",CVPR 2017,comparative,,,,no,no
2017,Contrastive Learning for Image Captioning,Contrastive Learning for Image Captioning,"BLEU, METEOR, ROUGE, CIDEr, retrieval",Neurips 2017,,,,,,
2017,Diverse and Accurate Image Description Using a Variational Auto-Encoder with an Additive Gaussian Encoding Space,Diverse and Accurate Image Description Using a Variational Auto-Encoder with an Additive Gaussian Encoding Space,"BLEU, METEOR, ROUGE, CIDEr, SPICE, unique, novel",Neurips 2017,,,,,,
2017,Attention Correctness in Neural Image Captioning,Attention Correctness in Neural Image Captioning,"BLEU, METEOR",AAAI 2017,,,,,,
2017,Reference Based LSTM for Image Captioning,Reference Based LSTM for Image Captioning - AAAI,"BLEU, METEOR, ROUGE, CIDEr",AAAI 2017,,,,,,
2017,Image Caption with Global-Local Attention,Image Caption with Global-Local Attention,"BLEU, METEOR, ROUGE, CIDEr",AAAI 2017,,,,,,
2017,Text-Guided Attention Model for Image Captioning,Text-Guided Attention Model for Image Captioning - AAAI,"BLEU, METEOR, CIDEr",AAAI 2017,,,,,,
2016,Deep Compositional Captioning: Describing Novel Object Categories Without Paired Training Data,Deep Compositional Captioning: Describing Novel Object Categories Without Paired Training Data,"BLEU, METEOR, Word PR",CVPR 2016,,,,,,
2016,DenseCap: Fully Convolutional Localization Networks for Dense Captioning,DenseCap: Fully Convolutional Localization Networks for Dense Captioning,"METEOR, retrieval",CVPR 2016,,,,,,
2016,Image Captioning With Semantic Attention,Image Captioning With Semantic Attention,"BLEU, METEOR, ROUGE, CIDEr",CVPR 2016,,,,,,
2016,Review Networks for Caption Generation,Review Networks for Caption Generation,"BLEU, METEOR, ROUGE, CIDEr",Neurips 2016,,,,,,
2016,"Variational Autoencoder for Deep Learning of Images, Labels and Captions","Variational Autoencoder for Deep Learning of Images, Labels and Captions","BLEU, METEOR, CIDEr, perplexity",Neurips 2016,,,,,,
2016,Empirical performance upper bounds for image and video captioning,Empirical performance upper bounds for image and video captioning | OpenReview,"BLEU, METEOR, CIDEr",ICLR 2016,,,,,,
2016,SentiCap: Generating Image Descriptions with Sentiments,SentiCap: Generating Image Descriptions with Sentiments - AAAI,"BLEU, METEOR, ROUGE, CIDEr",AAAI 2016,comparative,,,,no,no
2015,Language Models for Image Captioning: The Quirks and What Works,Language Models for Image Captioning: The Quirks and What Works - ACL Anthology,"BLEU, METEOR, perplexity",ACL 2015,comparative,,,,no,no
2015,A Distributed Representation Based Query Expansion Approach for Image Captioning,A Distributed Representation Based Query Expansion Approach for Image Captioning - ACL Anthology,"BLEU, METEOR, CIDEr",ACL 2015,scale rating,relevancy,100,,no,no
2015,Déjà Image-Captions: A Corpus of Expressive Descriptions in Repetition,Déjà Image-Captions: A Corpus of Expressive Descriptions in Repetition - ACL Anthology,"BLEU, METEOR",NAACL 2015,comparative,relevance to image,200,3,no,no
2015,Guiding the Long-Short Term Memory Model for Image Caption Generation,Guiding the Long-Short Term Memory Model for Image Caption Generation,"BLEU, METEOR, CIDEr",ICCV 2015,,,,,,
2015,Common Subspace for Model and Similarity: Phrase Learning for Caption Generation From Images,Common Subspace for Model and Similarity: Phrase Learning for Caption Generation From Images,"BLEU, METEOR, NIST",ICCV 2015,,,,,,
2015,Visual Madlibs: Fill in the Blank Description Generation and Question Answering,Visual Madlibs: Fill in the Blank Description Generation and Question Answering,BLEU,ICCV 2015,,,,,,
2015,Mind's Eye: A Recurrent Visual Representation for Image Caption Generation,Mind's Eye: A Recurrent Visual Representation for Image Caption Generation,"BLEU, METEOR, CIDEr, perplexity, retrieval",CVPR 2015,comparative,,,,no,no
2015,Show and Tell: A Neural Image Caption Generator,Show and Tell: A Neural Image Caption Generator,"BLEU, METEOR, CIDEr, retrieval",CVPR 2015,scale rating,,,,no,no
2015,From Captions to Visual Concepts and Back,From Captions to Visual Concepts and Back,"BLEU, METEOR, ROUGE, CIDEr, perplexity",CVPR 2015,comparative,,,,yes,no
2015,Long-Term Recurrent Convolutional Networks for Visual Recognition and Description,Long-Term Recurrent Convolutional Networks for Visual Recognition and Description,"BLEU, retrieval",CVPR 2015,scale rating,"correctness, grammar, relevance",785,,no,no
2015,Deep Visual-Semantic Alignments for Generating Image Descriptions,Deep Visual-Semantic Alignments for Generating Image Descriptions,"BLEU, METEOR, CIDEr, retrieval",CVPR 2015,,,,,,
2015,"Show, Attend and Tell: Neural Image Caption Generation with Visual Attention","Show, Attend and Tell: Neural Image Caption Generation with Visual Attention","BLEU, METEOR",ICML 2015,,,,,,
2015,Phrase-based Image Captioning,Phrase-based Image Captioning,BLEU,ICML 2015,,,,,,
2015,Deep Captioning with Multimodal Recurrent Neural Networks (m-RNN),[1412.6632] Deep Captioning with Multimodal Recurrent Neural Networks (m-RNN),"BLEU, METEOR, ROUGE, CIDEr, perplexity, retrieval",ICLR 2015,,,,,,
2014,Nonparametric Method for Data-driven Image Captioning,Nonparametric Method for Data-driven Image Captioning - ACL Anthology,BLEU,ACL 2014,scale rating,,,,no,no
2014,Domain-Specific Image Captioning,Domain-Specific Image Captioning - ACL Anthology,"BLEU, ROUGE",CONLL 2014,yes/no questions,,553,6,yes,no
2014,"See No Evil, Say No Evil: Description Generation from Densely Labeled Images","See No Evil, Say No Evil: Description Generation from Densely Labeled Images - ACL Anthology",BLEU,*SEM 2014,comparative,"grammaticality, truthfulness, salience",,6,no,yes
2014,TreeTalk: Composition and Compression of Trees for Image Descriptions,TreeTalk: Composition and Compression of Trees for Image Descriptions - ACL Anthology,"BLEU, METEOR",TACL 2014,comparative,"relevance, grammar, overall",,3,yes,yes
2013,Generalizing Image Captions for Image-Text Parallel Corpus,Generalizing Image Captions for Image-Text Parallel Corpus - ACL Anthology,BLEU,ACL 2013,comparative,which is better,,,no,no
2013,Image Description using Visual Dependency Representations,Image Description using Visual Dependency Representations - ACL Anthology,BLEU,EMNLP 2013,scale rating,"grammaticality, action description, scene description",101,,yes,no
2012,Collective Generation of Natural Image Descriptions,Collective Generation of Natural Image Descriptions - ACL Anthology,BLEU,ACL 2012,"comparative, scale rating",which is better,,,no,no
2012,Midge: Generating Image Descriptions From Computer Vision Detections,Midge: Generating Image Descriptions From Computer Vision Detections - ACL Anthology,,EACL 2012,scale rating,"grammaticality, main aspects description, correctness, order, humanlikeness",840,,yes,no
2011,Composing Simple Image Descriptions using Web-scale N-grams,Composing Simple Image Descriptions using Web-scale N-grams - ACL Anthology,BLEU,CONLL 2011,scale rating,"creativity, fluency, relevance",120,,no,no
2011,Im2Text: Describing Images Using 1 Million Captioned Photographs,Im2Text: Describing Images Using 1 Million Captioned Photographs,BLEU,Neurips 2011,retrieval,,100,,no,no
2010,How Many Words Is a Picture Worth? Automatic Caption Generation for News Images,How Many Words Is a Picture Worth? Automatic Caption Generation for News Images - ACL Anthology,TER,ACL 2010,scale rating,"grammaticality, relevance",12,23,yes,no
2010,Generating Image Descriptions Using Dependency Relational Patterns,Generating Image Descriptions Using Dependency Relational Patterns - ACL Anthology,ROUGE,ACL 2010,scale rating,"clarity, focus, coherence, redundancy, grammar",315,4,no,no
,,,,,,,,,,
,,,,,,,,,,
,,,,,,,,,,
,,,,,,,,,,
,,,,,,,,,,
,,,,,,,,,,
,Ignored papers that:,,,,,,,,,
,"- Discuss non-image captioning (videos, charts, etc.)",,,,,,,,,
,- Used metrics on non-English data,,,,,,,,,
,,,,,,,,,,
,I ignored metrics that only appear in the appendix,,,,,,,,,
,I only considered papers that conducted an experiment on image captioning,,,,,,,,,
,"I ignored metrics that use/evaluate anything other than the caption and image (e.g., the location of grounding objects as in F1all and F1 loc from the paper ""Grounded video description."")",,,,,,,,,